,context,sample_name,MAE,post_std_c,Data_cSTD,ext_time_hours,Data_R,group_size,Technical_cSTD,Technical_R,Bio_cSTD,Bio_R,Bio_cSTD_seedmean,Bio_cSTD_seedsd,Technical_cSTD_seedsd,n_seeds,bio_signed
0,smFISH,10,3.0800000000000036,0.5797453242998325,3.9625274584701025,10,0.5838646034312975,278,2.013775939046257,0.8702523447092884,3.4126720215174347,0.6709150261086451,3.4126684848987168,0.004962988215918579,0.008412612039343332,50,3.4126720215174347
1,smFISH,14,1.8799999999999986,0.5174613509340111,2.7458259725014407,14,0.7723042834495424,266,2.3998367811183985,0.8208915974737104,1.3342952054379742,0.94081346281239,1.334203857341527,0.01577139977209545,0.008800650094246933,50,1.3342952054379742
2,smFISH,18,1.8,0.4331514408932523,3.837930506229195,18,0.6036388301802391,116,3.8657990983207817,0.5992321044995839,0.0,0.9992295525431298,0.05568970010855171,0.14096150369236066,0.029716290396110154,50,-0.4633487864806398
3,smFISH,22,2.6000000000000014,0.533152835847675,3.2778958995482634,22,0.6919706833623518,352,2.368648402821778,0.8250863526316441,2.2658566309643597,0.8386669301321119,2.265830818230133,0.010925314347684094,0.010466789677390259,50,2.2658566309643597
4,smFISH,26,2.4400000000000026,0.6159437753571947,3.393379422829357,2,0.6739403671419597,235,2.4806520116093624,0.8098709796897023,2.3154674483957063,0.8321600213038265,2.315443446812658,0.010649767288836076,0.009931031872403878,50,2.3154674483957063
5,smFISH,29,1.7599999999999976,0.7553746211613652,3.7252859980333524,5,0.6215224835929921,362,3.2163271889196734,0.7015315946027906,1.8796263407814393,0.8859863021240838,1.878975855004981,0.049948108457609164,0.02895792597036852,50,1.8796263407814393
6,smFISH,34,2.439999999999996,0.7301633325280756,4.229458824157035,10,0.5417107300186582,289,2.5183411302837277,0.8046597673324262,3.3979817387327267,0.6732206388712251,3.3979675499050432,0.009919397272441169,0.013381243711038654,50,3.3979817387327267
7,smFISH,38,2.9200000000000017,0.6220718597646799,4.747287635804721,14,0.4619392452859236,278,2.245873940082375,0.841261781071268,4.182438301077883,0.5491039953757059,4.1824352793100665,0.005078637308494942,0.009466339895119988,50,4.182438301077883
8,smFISH,42,2.2800000000000007,0.7513487941606335,5.013891703995655,18,0.42252624390720755,217,3.829400477580688,0.6050138925435807,3.2364798781548525,0.6984220264623352,3.236265735190126,0.03760825104271022,0.03175912008627342,50,3.2364798781548525
9,smFISH,46,4.040000000000007,0.6505688268479629,4.794565466310219,22,0.4548527793367057,237,2.3616996193139292,0.8260162803870443,4.172557119904648,0.550659915758171,4.172553009660832,0.005916117496798872,0.010453352560371264,50,4.172557119904648
10,smFISH,50,3.4000000000000026,0.7196506720976601,3.7257491924280375,2,0.621448978348121,298,3.1853439600921734,0.7063183404710637,1.9325607107624032,0.8798830125588638,1.9318845475561373,0.05163644196771465,0.031383237461352034,50,1.9325607107624032
11,smFISH,54,1.8000000000000087,0.7241501713729389,4.207466464634234,6,0.5451662405055571,217,3.1933149778028116,0.7050877370656647,2.73961922601699,0.7732225812063739,2.7393960920138447,0.03532003277906922,0.03033380818833107,50,2.73961922601699
